{
  "projectKey": "DKU_TUT_DS_Quickstart",
  "id": "Automate",
  "type": "custom_python",
  "name": "Automate",
  "active": false,
  "versionTag": {
    "versionNumber": 3,
    "lastModifiedBy": {
      "login": "msakande"
    },
    "lastModifiedOn": 1617766165892
  },
  "checklists": {
    "checklists": []
  },
  "delayedTriggersBehavior": {
    "delayWhileRunning": true,
    "squashDelayedTriggers": true,
    "suppressTriggersWhileRunning": true
  },
  "tags": [],
  "triggers": [
    {
      "id": "fwwRnjIP",
      "type": "temporal",
      "name": "Time-based",
      "delay": 5,
      "active": true,
      "params": {
        "repeatFrequency": 1,
        "frequency": "Monthly",
        "startingFrom": "2021-04-01T15:48:00.000Z",
        "daysOfWeek": [
          "Monday"
        ],
        "monthlyRunOn": "ON_THE_DAY",
        "minute": 0,
        "hour": 5,
        "timezone": "America/New_York"
      }
    }
  ],
  "reporters": [],
  "params": {
    "envSelection": {
      "envMode": "INHERIT"
    }
  },
  "automationLocal": false,
  "customFields": {}
}