{
  "name": "Data preparation",
  "color": "#8C2DA7",
  "items": [
    {
      "objectId": "customers_data",
      "objectType": "DATASET"
    },
    {
      "objectId": "web_data",
      "objectType": "DATASET"
    },
    {
      "objectId": "compute_customers_data_all_prepared",
      "objectType": "RECIPE"
    },
    {
      "objectId": "customers_data_prepared",
      "objectType": "DATASET"
    },
    {
      "objectId": "compute_customers_web_joined",
      "objectType": "RECIPE"
    },
    {
      "objectId": "customers_web_joined",
      "objectType": "DATASET"
    },
    {
      "objectId": "web_data_prepared",
      "objectType": "DATASET"
    },
    {
      "objectId": "compute_web_data_all_prepared",
      "objectType": "RECIPE"
    },
    {
      "objectId": "recipe_from_notebook_final_correlation_analysis_of_customers_web_joined",
      "objectType": "RECIPE"
    },
    {
      "objectId": "customers_revenue",
      "objectType": "DATASET"
    }
  ],
  "shared": [],
  "tags": [],
  "customFields": {},
  "checklists": {
    "checklists": []
  }
}