{
  "pages": [
    {
      "id": "PhtwjJR",
      "grid": {
        "tiles": []
      },
      "showTitle": false
    }
  ],
  "owner": "msakande",
  "listed": true,
  "name": "Data Scientist Quick Start\u0027s default dashboard",
  "showGrid": true,
  "versionTag": {
    "versionNumber": 0,
    "lastModifiedBy": {
      "login": "msakande"
    },
    "lastModifiedOn": 1617378472806
  },
  "creationTag": {
    "versionNumber": 0,
    "lastModifiedBy": {
      "login": "msakande"
    },
    "lastModifiedOn": 1617378472806
  },
  "tags": [],
  "customFields": {},
  "checklists": {
    "checklists": []
  }
}